CO_Number,Status,Filename,Folder,Size_MB,Modified_Date,Full_Path,Notes
001,FOLDER EXISTS - NO EXECUTED PDF,,001_WABN Plant Establishment (PCO 015) (Executed),0.00,,/Users/z/Library/CloudStorage/OneDrive-WashingtonStateDepartmentofTransportation/TheBRIDGE - Montlake - Change Management  Documents/050_Change Orders/Change Orders 001-025/001_WABN Plant Establishment (PCO 015) (Executed),Folder exists but no signed/executed PDF found
002,FOLDER EXISTS - NO EXECUTED PDF,,002_Apprentice Util Plan Submittal (PCO 032) (Executed),0.00,,/Users/z/Library/CloudStorage/OneDrive-WashingtonStateDepartmentofTransportation/TheBRIDGE - Montlake - Change Management  Documents/050_Change Orders/Change Orders 001-025/002_Apprentice Util Plan Submittal (PCO 032) (Executed),Folder exists but no signed/executed PDF found
003,FOLDER EXISTS - NO EXECUTED PDF,,003_Foster Island Irrg Water Supp (PCO 028) (Executed),0.00,,/Users/z/Library/CloudStorage/OneDrive-WashingtonStateDepartmentofTransportation/TheBRIDGE - Montlake - Change Management  Documents/050_Change Orders/Change Orders 001-025/003_Foster Island Irrg Water Supp (PCO 028) (Executed),Folder exists but no signed/executed PDF found
004,FOLDER EXISTS - NO EXECUTED PDF,,"004_Amendment to Appendix (PCO 018, 019, 020, 021, 022, 025, 026, 040) (Executed)",0.00,,"/Users/z/Library/CloudStorage/OneDrive-WashingtonStateDepartmentofTransportation/TheBRIDGE - Montlake - Change Management  Documents/050_Change Orders/Change Orders 001-025/004_Amendment to Appendix (PCO 018, 019, 020, 021, 022, 025, 026, 040) (Executed)",Folder exists but no signed/executed PDF found
005,FOLDER EXISTS - NO EXECUTED PDF,,005_RSUP Cover Plates (PCO 001) (Executed),0.00,,/Users/z/Library/CloudStorage/OneDrive-WashingtonStateDepartmentofTransportation/TheBRIDGE - Montlake - Change Management  Documents/050_Change Orders/Change Orders 001-025/005_RSUP Cover Plates (PCO 001) (Executed),Folder exists but no signed/executed PDF found
006,FOLDER EXISTS - NO EXECUTED PDF,,006_Tax Rule 170-171 Graham Bid Proposal Error (PCO 010) (Executed),0.00,,/Users/z/Library/CloudStorage/OneDrive-WashingtonStateDepartmentofTransportation/TheBRIDGE - Montlake - Change Management  Documents/050_Change Orders/Change Orders 001-025/006_Tax Rule 170-171 Graham Bid Proposal Error (PCO 010) (Executed),Folder exists but no signed/executed PDF found
007,FOLDER EXISTS - NO EXECUTED PDF,,007_Adjust Contract Dates (PCO 067) (Executed),0.00,,/Users/z/Library/CloudStorage/OneDrive-WashingtonStateDepartmentofTransportation/TheBRIDGE - Montlake - Change Management  Documents/050_Change Orders/Change Orders 001-025/007_Adjust Contract Dates (PCO 067) (Executed),Folder exists but no signed/executed PDF found
008,FOLDER EXISTS - NO EXECUTED PDF,,008_CWA Amendment 1 (PCO 063) (Executed),0.00,,/Users/z/Library/CloudStorage/OneDrive-WashingtonStateDepartmentofTransportation/TheBRIDGE - Montlake - Change Management  Documents/050_Change Orders/Change Orders 001-025/008_CWA Amendment 1 (PCO 063) (Executed),Folder exists but no signed/executed PDF found
009,FOLDER EXISTS - NO EXECUTED PDF,,"009_MOT Signs and Safety Drums (PCO 069, 070) (Executed)",0.00,,"/Users/z/Library/CloudStorage/OneDrive-WashingtonStateDepartmentofTransportation/TheBRIDGE - Montlake - Change Management  Documents/050_Change Orders/Change Orders 001-025/009_MOT Signs and Safety Drums (PCO 069, 070) (Executed)",Folder exists but no signed/executed PDF found
010,FOLDER EXISTS - NO EXECUTED PDF,,010_WABS Girder Line (PCO 038) (Executed),0.00,,/Users/z/Library/CloudStorage/OneDrive-WashingtonStateDepartmentofTransportation/TheBRIDGE - Montlake - Change Management  Documents/050_Change Orders/Change Orders 001-025/010_WABS Girder Line (PCO 038) (Executed),Folder exists but no signed/executed PDF found
011,FOLDER EXISTS - NO EXECUTED PDF,,011_Incentive Award Program Change (PCO 078) (Executed),0.00,,/Users/z/Library/CloudStorage/OneDrive-WashingtonStateDepartmentofTransportation/TheBRIDGE - Montlake - Change Management  Documents/050_Change Orders/Change Orders 001-025/011_Incentive Award Program Change (PCO 078) (Executed),Folder exists but no signed/executed PDF found
012,FOLDER EXISTS - NO EXECUTED PDF,,012_Crosswalks (PCO 084) (Executed),0.00,,/Users/z/Library/CloudStorage/OneDrive-WashingtonStateDepartmentofTransportation/TheBRIDGE - Montlake - Change Management  Documents/050_Change Orders/Change Orders 001-025/012_Crosswalks (PCO 084) (Executed),Folder exists but no signed/executed PDF found
013,EXECUTED,C9015 CO 013 ML Fire Suppression & Ltg Mods - signed.pdf,013_ML Fire Supp & Ltg Mods (Nine PCO's) (Executed),1.71,2021-08-12,/Users/z/Library/CloudStorage/OneDrive-WashingtonStateDepartmentofTransportation/TheBRIDGE - Montlake - Change Management  Documents/050_Change Orders/Change Orders 001-025/013_ML Fire Supp & Ltg Mods (Nine PCO's) (Executed)/Executed CO (Final Docs)/C9015 CO 013 ML Fire Suppression & Ltg Mods - signed.pdf,
014,FOLDER EXISTS - NO EXECUTED PDF,,014_TS Controller Submittal Sheet (PCO 072) (Executed),0.00,,/Users/z/Library/CloudStorage/OneDrive-WashingtonStateDepartmentofTransportation/TheBRIDGE - Montlake - Change Management  Documents/050_Change Orders/Change Orders 001-025/014_TS Controller Submittal Sheet (PCO 072) (Executed),Folder exists but no signed/executed PDF found
015,FOLDER EXISTS - NO EXECUTED PDF,,"015_Added Engineering PDW 1 (PCO 007, 039, 087) (Executed)",0.00,,"/Users/z/Library/CloudStorage/OneDrive-WashingtonStateDepartmentofTransportation/TheBRIDGE - Montlake - Change Management  Documents/050_Change Orders/Change Orders 001-025/015_Added Engineering PDW 1 (PCO 007, 039, 087) (Executed)",Folder exists but no signed/executed PDF found
016,FOLDER EXISTS - NO EXECUTED PDF,,016_Stormwater Sampling (PCO 068) (Executed),0.00,,/Users/z/Library/CloudStorage/OneDrive-WashingtonStateDepartmentofTransportation/TheBRIDGE - Montlake - Change Management  Documents/050_Change Orders/Change Orders 001-025/016_Stormwater Sampling (PCO 068) (Executed),Folder exists but no signed/executed PDF found
017,FOLDER EXISTS - NO EXECUTED PDF,,"017_Environmental Update 01 (PCO 027, 030, 073, 086) (Executed)",0.00,,"/Users/z/Library/CloudStorage/OneDrive-WashingtonStateDepartmentofTransportation/TheBRIDGE - Montlake - Change Management  Documents/050_Change Orders/Change Orders 001-025/017_Environmental Update 01 (PCO 027, 030, 073, 086) (Executed)",Folder exists but no signed/executed PDF found
018,FOLDER EXISTS - NO EXECUTED PDF,,018_Field Office Water and Sewer Connection (PCO 066) (Executed),0.00,,/Users/z/Library/CloudStorage/OneDrive-WashingtonStateDepartmentofTransportation/TheBRIDGE - Montlake - Change Management  Documents/050_Change Orders/Change Orders 001-025/018_Field Office Water and Sewer Connection (PCO 066) (Executed),Folder exists but no signed/executed PDF found
019,FOLDER EXISTS - NO EXECUTED PDF,,019_Storefront (PCO 056) (Executed),0.00,,/Users/z/Library/CloudStorage/OneDrive-WashingtonStateDepartmentofTransportation/TheBRIDGE - Montlake - Change Management  Documents/050_Change Orders/Change Orders 001-025/019_Storefront (PCO 056) (Executed),Folder exists but no signed/executed PDF found
020,FOLDER EXISTS - NO EXECUTED PDF,,"020_CO Located Office Change (PCO 005, 057) (Executed)",0.00,,"/Users/z/Library/CloudStorage/OneDrive-WashingtonStateDepartmentofTransportation/TheBRIDGE - Montlake - Change Management  Documents/050_Change Orders/Change Orders 001-025/020_CO Located Office Change (PCO 005, 057) (Executed)",Folder exists but no signed/executed PDF found
021,FOLDER EXISTS - NO EXECUTED PDF,,021_CCMP Extension Date (PCO 029) (Executed),0.00,,/Users/z/Library/CloudStorage/OneDrive-WashingtonStateDepartmentofTransportation/TheBRIDGE - Montlake - Change Management  Documents/050_Change Orders/Change Orders 001-025/021_CCMP Extension Date (PCO 029) (Executed),Folder exists but no signed/executed PDF found
022,EXECUTED,C9015 CO 022 Temporary Sidewalk Reduction - signed.pdf,022_Temporary Sidewalk Reduction (PCO 064) (Executed),0.39,2020-06-23,/Users/z/Library/CloudStorage/OneDrive-WashingtonStateDepartmentofTransportation/TheBRIDGE - Montlake - Change Management  Documents/050_Change Orders/Change Orders 001-025/022_Temporary Sidewalk Reduction (PCO 064) (Executed)/Executed CO (Final Docs)/C9015 CO 022 Temporary Sidewalk Reduction - signed.pdf,
023,FOLDER EXISTS - NO EXECUTED PDF,,023_Lake Wa Blvd Closure Hrs (PCO 052) (Executed),0.00,,/Users/z/Library/CloudStorage/OneDrive-WashingtonStateDepartmentofTransportation/TheBRIDGE - Montlake - Change Management  Documents/050_Change Orders/Change Orders 001-025/023_Lake Wa Blvd Closure Hrs (PCO 052) (Executed),Folder exists but no signed/executed PDF found
024,FOLDER EXISTS - NO EXECUTED PDF,,024_WABS Time Histories (PCO 082) (Executed),0.00,,/Users/z/Library/CloudStorage/OneDrive-WashingtonStateDepartmentofTransportation/TheBRIDGE - Montlake - Change Management  Documents/050_Change Orders/Change Orders 001-025/024_WABS Time Histories (PCO 082) (Executed),Folder exists but no signed/executed PDF found
025,FOLDER EXISTS - NO EXECUTED PDF,,025_WABS Columns (PCO 093) (Executed),0.00,,/Users/z/Library/CloudStorage/OneDrive-WashingtonStateDepartmentofTransportation/TheBRIDGE - Montlake - Change Management  Documents/050_Change Orders/Change Orders 001-025/025_WABS Columns (PCO 093) (Executed),Folder exists but no signed/executed PDF found
026,EXECUTED,C9015 CO 026 Hard Copies and Flash Drives - signed.pdf,026_Hard Copies and Flash Drives (PCO 017) (Executed),0.18,2020-08-12,/Users/z/Library/CloudStorage/OneDrive-WashingtonStateDepartmentofTransportation/TheBRIDGE - Montlake - Change Management  Documents/050_Change Orders/Change Orders 026-050/026_Hard Copies and Flash Drives (PCO 017) (Executed)/Executed CO (Final Docs)/C9015 CO 026 Hard Copies and Flash Drives - signed.pdf,
027,EXECUTED,C9015 CO 027 Multiple Issue Resolution No. 1 - signed.pdf,027_Multiple Issue Resolution No. 1 (11 PCOs - See Log) (Executed),1.01,2020-06-23,/Users/z/Library/CloudStorage/OneDrive-WashingtonStateDepartmentofTransportation/TheBRIDGE - Montlake - Change Management  Documents/050_Change Orders/Change Orders 026-050/027_Multiple Issue Resolution No. 1 (11 PCOs - See Log) (Executed)/Executed CO (Final Docs)/C9015 CO 027 Multiple Issue Resolution No. 1 - signed.pdf,
028,EXECUTED,C9015 CO 028 Digital Signatures - signed.pdf,028_Digital Signatures (PCO 034) (Executed),0.83,2020-08-11,/Users/z/Library/CloudStorage/OneDrive-WashingtonStateDepartmentofTransportation/TheBRIDGE - Montlake - Change Management  Documents/050_Change Orders/Change Orders 026-050/028_Digital Signatures (PCO 034) (Executed)/Executed CO (Final Docs)/C9015 CO 028 Digital Signatures - signed.pdf,
029,FOLDER EXISTS - NO EXECUTED PDF,,029_Adjust Insurance Language Chapter 1 (PCO 004) (Executed),0.00,,/Users/z/Library/CloudStorage/OneDrive-WashingtonStateDepartmentofTransportation/TheBRIDGE - Montlake - Change Management  Documents/050_Change Orders/Change Orders 026-050/029_Adjust Insurance Language Chapter 1 (PCO 004) (Executed),Folder exists but no signed/executed PDF found
030,EXECUTED,C9015 CO 030 Baebler and Giordano TCEs - signed.pdf,030_Baebler and Giordano TCEs (PCO 096) (Executed),3.48,2021-02-23,/Users/z/Library/CloudStorage/OneDrive-WashingtonStateDepartmentofTransportation/TheBRIDGE - Montlake - Change Management  Documents/050_Change Orders/Change Orders 026-050/030_Baebler and Giordano TCEs (PCO 096) (Executed)/Executed CO (Final Docs)/C9015 CO 030 Baebler and Giordano TCEs - signed.pdf,
031,FOLDER EXISTS - NO EXECUTED PDF,,031_Cell Tower ITS Conflict (PCO 091) (Executed),0.00,,/Users/z/Library/CloudStorage/OneDrive-WashingtonStateDepartmentofTransportation/TheBRIDGE - Montlake - Change Management  Documents/050_Change Orders/Change Orders 026-050/031_Cell Tower ITS Conflict (PCO 091) (Executed),Folder exists but no signed/executed PDF found
032,FOLDER EXISTS - NO EXECUTED PDF,,032_Sign Height (PCO 111) (Executed),0.00,,/Users/z/Library/CloudStorage/OneDrive-WashingtonStateDepartmentofTransportation/TheBRIDGE - Montlake - Change Management  Documents/050_Change Orders/Change Orders 026-050/032_Sign Height (PCO 111) (Executed),Folder exists but no signed/executed PDF found
033,FOLDER EXISTS - NO EXECUTED PDF,,033_DXEI Ramp HOV Lane Closure (PCO 105) (Executed),0.00,,/Users/z/Library/CloudStorage/OneDrive-WashingtonStateDepartmentofTransportation/TheBRIDGE - Montlake - Change Management  Documents/050_Change Orders/Change Orders 026-050/033_DXEI Ramp HOV Lane Closure (PCO 105) (Executed),Folder exists but no signed/executed PDF found
034,FOLDER EXISTS - NO EXECUTED PDF,,034_Force Account Markup Change (PCO 112) (Executed),0.00,,/Users/z/Library/CloudStorage/OneDrive-WashingtonStateDepartmentofTransportation/TheBRIDGE - Montlake - Change Management  Documents/050_Change Orders/Change Orders 026-050/034_Force Account Markup Change (PCO 112) (Executed),Folder exists but no signed/executed PDF found
035,FOLDER EXISTS - NO EXECUTED PDF,,035_Electrical Conduits on Girders (PCO 117) (Executed),0.00,,/Users/z/Library/CloudStorage/OneDrive-WashingtonStateDepartmentofTransportation/TheBRIDGE - Montlake - Change Management  Documents/050_Change Orders/Change Orders 026-050/035_Electrical Conduits on Girders (PCO 117) (Executed),Folder exists but no signed/executed PDF found
036,EXECUTED,C9015 CO 036 COS Interconnect on Montlake - signed.pdf,036_COS Interconnect on Montlake (PCO 042) (Executed),0.12,2021-04-08,/Users/z/Library/CloudStorage/OneDrive-WashingtonStateDepartmentofTransportation/TheBRIDGE - Montlake - Change Management  Documents/050_Change Orders/Change Orders 026-050/036_COS Interconnect on Montlake (PCO 042) (Executed)/Executed CO (Final Docs)/C9015 CO 036 COS Interconnect on Montlake - signed.pdf,
037,FOLDER EXISTS - NO EXECUTED PDF,,037_North Street Closure (PCO 104) (Executed),0.00,,/Users/z/Library/CloudStorage/OneDrive-WashingtonStateDepartmentofTransportation/TheBRIDGE - Montlake - Change Management  Documents/050_Change Orders/Change Orders 026-050/037_North Street Closure (PCO 104) (Executed),Folder exists but no signed/executed PDF found
038,EXECUTED,C9015 CO 038 Addl Existing Bridge As-Builts - signed.pdf,038_Addl Existing Bridge As-Builts (PCO 132) (Executed),24.76,2020-06-23,/Users/z/Library/CloudStorage/OneDrive-WashingtonStateDepartmentofTransportation/TheBRIDGE - Montlake - Change Management  Documents/050_Change Orders/Change Orders 026-050/038_Addl Existing Bridge As-Builts (PCO 132) (Executed)/Executed CO (Final Docs)/C9015 CO 038 Addl Existing Bridge As-Builts - signed.pdf,
039,FOLDER EXISTS - NO EXECUTED PDF,,039_ATC 001 Adjustments (PCO 125) (Executed),0.00,,/Users/z/Library/CloudStorage/OneDrive-WashingtonStateDepartmentofTransportation/TheBRIDGE - Montlake - Change Management  Documents/050_Change Orders/Change Orders 026-050/039_ATC 001 Adjustments (PCO 125) (Executed),Folder exists but no signed/executed PDF found
040,EXECUTED,C9015 CO 040 Steel Casing for 54 Waterline - signed.pdf,040_Steel Casing for 54 in. Waterline (PCO 130) (Executed),0.21,2020-06-23,/Users/z/Library/CloudStorage/OneDrive-WashingtonStateDepartmentofTransportation/TheBRIDGE - Montlake - Change Management  Documents/050_Change Orders/Change Orders 026-050/040_Steel Casing for 54 in. Waterline (PCO 130) (Executed)/Executed CO (Final Docs)/C9015 CO 040 Steel Casing for 54 Waterline - signed.pdf,
041,EXECUTED,C9015 CO 041 WABN Settlement Monitoring - signed.pdf,041_WABN Settlement Monitoring (PCO 119) (Executed),0.52,2020-06-23,/Users/z/Library/CloudStorage/OneDrive-WashingtonStateDepartmentofTransportation/TheBRIDGE - Montlake - Change Management  Documents/050_Change Orders/Change Orders 026-050/041_WABN Settlement Monitoring (PCO 119) (Executed)/Executed CO (Final Docs)/C9015 CO 041 WABN Settlement Monitoring - signed.pdf,
042,FOLDER EXISTS - NO EXECUTED PDF,,042_Interpretive Signs (VOIDED),0.00,,/Users/z/Library/CloudStorage/OneDrive-WashingtonStateDepartmentofTransportation/TheBRIDGE - Montlake - Change Management  Documents/050_Change Orders/Change Orders 026-050/042_Interpretive Signs (VOIDED),Folder exists but no signed/executed PDF found
043,EXECUTED,C9015 CO 043 Guardrail on MR Line - signed.pdf,043_Guardrail on MR Line (PCO 122) (Executed),0.30,2020-06-23,/Users/z/Library/CloudStorage/OneDrive-WashingtonStateDepartmentofTransportation/TheBRIDGE - Montlake - Change Management  Documents/050_Change Orders/Change Orders 026-050/043_Guardrail on MR Line (PCO 122) (Executed)/Executed CO (Final Docs)/C9015 CO 043 Guardrail on MR Line - signed.pdf,
044,MISSING,,,0.00,,,No folder found for this CO number
045,EXECUTED,C9015 CO 045 Maturity Meters - signed.pdf,045_Maturity Meters (PCO 148) (Executed),0.38,2020-06-23,/Users/z/Library/CloudStorage/OneDrive-WashingtonStateDepartmentofTransportation/TheBRIDGE - Montlake - Change Management  Documents/050_Change Orders/Change Orders 026-050/045_Maturity Meters (PCO 148) (Executed)/Executed CO (Final Docs)/C9015 CO 045 Maturity Meters - signed.pdf,
046,EXECUTED,C9015 CO 046 ML Early Use_PBB Conn Trail - signed.pdf,"046_ML Early Use-PBB Conn Trail (PCO 076, 080) (Executed)",0.32,2020-06-23,"/Users/z/Library/CloudStorage/OneDrive-WashingtonStateDepartmentofTransportation/TheBRIDGE - Montlake - Change Management  Documents/050_Change Orders/Change Orders 026-050/046_ML Early Use-PBB Conn Trail (PCO 076, 080) (Executed)/Executed CO (Final Docs)/C9015 CO 046 ML Early Use_PBB Conn Trail - signed.pdf",
047,EXECUTED,C9015 CO 047 76 Gas Station Debranding - signed.pdf,047_76 Gas Station Debranding (PCO 126) (Executed),2.25,2020-06-23,/Users/z/Library/CloudStorage/OneDrive-WashingtonStateDepartmentofTransportation/TheBRIDGE - Montlake - Change Management  Documents/050_Change Orders/Change Orders 026-050/047_76 Gas Station Debranding (PCO 126) (Executed)/Executed CO (Final Docs)/C9015 CO 047 76 Gas Station Debranding - signed.pdf,
048,EXECUTED,CO 048 Radiographic & Mag. Part. Insp. - signed.pdf,048_Radiographic & Mag. Part. Insp (PCO 129) (Executed),1.20,2020-06-23,/Users/z/Library/CloudStorage/OneDrive-WashingtonStateDepartmentofTransportation/TheBRIDGE - Montlake - Change Management  Documents/050_Change Orders/Change Orders 026-050/048_Radiographic & Mag. Part. Insp (PCO 129) (Executed)/Executed CO (Final Docs)/CO 048 Radiographic & Mag. Part. Insp. - signed.pdf,
049,EXECUTED,C9015 CO 049 Conduit Re-routing - signed.pdf,049_Conduit Re-routing (PCO 159) (Executed),0.15,2020-06-23,/Users/z/Library/CloudStorage/OneDrive-WashingtonStateDepartmentofTransportation/TheBRIDGE - Montlake - Change Management  Documents/050_Change Orders/Change Orders 026-050/049_Conduit Re-routing (PCO 159) (Executed)/Executed CO (Final Docs)/C9015 CO 049 Conduit Re-routing - signed.pdf,
050,EXECUTED,C9015 CO 050 E-Signature Change Orders - signed.pdf,050_E-Signature Change Orders (PCO 177) (Executed),0.14,2020-06-23,/Users/z/Library/CloudStorage/OneDrive-WashingtonStateDepartmentofTransportation/TheBRIDGE - Montlake - Change Management  Documents/050_Change Orders/Change Orders 026-050/050_E-Signature Change Orders (PCO 177) (Executed)/Executed CO (Final Docs)/C9015 CO 050 E-Signature Change Orders - signed.pdf,
051,EXECUTED,C9015 CO 051 COS Signal Pole Finishes - signed.pdf,051_COS Signal Pole Finishes (PCO 106) (Executed),0.15,2020-07-07,/Users/z/Library/CloudStorage/OneDrive-WashingtonStateDepartmentofTransportation/TheBRIDGE - Montlake - Change Management  Documents/050_Change Orders/Change Orders 051-075/051_COS Signal Pole Finishes (PCO 106) (Executed)/Executed CO (Final Docs)/C9015 CO 051 COS Signal Pole Finishes - signed.pdf,
052,EXECUTED,C9015 CO 052 Montlake Temp Market Space - signed.pdf,052_Montlake Temp Market Space (PCO 077) (Executed),0.91,2020-06-23,/Users/z/Library/CloudStorage/OneDrive-WashingtonStateDepartmentofTransportation/TheBRIDGE - Montlake - Change Management  Documents/050_Change Orders/Change Orders 051-075/052_Montlake Temp Market Space (PCO 077) (Executed)/Executed CO (Final Docs)/C9015 CO 052 Montlake Temp Market Space - signed.pdf,
053,EXECUTED,C9015 CO 053 Transite in Barrier Brg Struc - signed.pdf,053_Transite in Barrier Brg Struc (PCO 134) (Executed),0.17,2020-06-23,/Users/z/Library/CloudStorage/OneDrive-WashingtonStateDepartmentofTransportation/TheBRIDGE - Montlake - Change Management  Documents/050_Change Orders/Change Orders 051-075/053_Transite in Barrier Brg Struc (PCO 134) (Executed)/Executed CO (Final Docs)/C9015 CO 053 Transite in Barrier Brg Struc - signed.pdf,
054,EXECUTED,C9015 CO 054 Shaft Centralizer - signed.pdf,054_Shaft Centralizer (PCO 171) (Executed),0.15,2020-06-23,/Users/z/Library/CloudStorage/OneDrive-WashingtonStateDepartmentofTransportation/TheBRIDGE - Montlake - Change Management  Documents/050_Change Orders/Change Orders 051-075/054_Shaft Centralizer (PCO 171) (Executed)/Executed CO (Final Docs)/C9015 CO 054 Shaft Centralizer - signed.pdf,
055,EXECUTED,C9015 CO 055 54-inch Waterline North Vault - signed.pdf,055_54 in. Waterline North Vault (PCO 102) (Executed),0.18,2020-07-01,/Users/z/Library/CloudStorage/OneDrive-WashingtonStateDepartmentofTransportation/TheBRIDGE - Montlake - Change Management  Documents/050_Change Orders/Change Orders 051-075/055_54 in. Waterline North Vault (PCO 102) (Executed)/Executed CO (Final Docs)/C9015 CO 055 54-inch Waterline North Vault - signed.pdf,
056,EXECUTED,C9015 CO 056 Permeable Conc_Col Tree Impact - signed.pdf,"056_Permeable Conc-Col Trees Impact (PCO 131, 141) (Executed)",0.15,2020-06-23,"/Users/z/Library/CloudStorage/OneDrive-WashingtonStateDepartmentofTransportation/TheBRIDGE - Montlake - Change Management  Documents/050_Change Orders/Change Orders 051-075/056_Permeable Conc-Col Trees Impact (PCO 131, 141) (Executed)/Executed CO (Final Docs)/C9015 CO 056 Permeable Conc_Col Tree Impact - signed.pdf",
057,EXECUTED,C9015 CO 057 Luminaire Mounting WDX Tunnel - signed.pdf,057_Luminaire Mounting WDX Tunnel (PCO 149) (Executed),0.15,2020-06-23,/Users/z/Library/CloudStorage/OneDrive-WashingtonStateDepartmentofTransportation/TheBRIDGE - Montlake - Change Management  Documents/050_Change Orders/Change Orders 051-075/057_Luminaire Mounting WDX Tunnel (PCO 149) (Executed)/Executed CO (Final Docs)/C9015 CO 057 Luminaire Mounting WDX Tunnel - signed.pdf,
058,EXECUTED,C9015 CO 058 Flexible Conduit in Pier 2 - signed.pdf,058_Flexible Conduit in Pier 2 (PCO 146) (Executed),0.15,2020-08-14,/Users/z/Library/CloudStorage/OneDrive-WashingtonStateDepartmentofTransportation/TheBRIDGE - Montlake - Change Management  Documents/050_Change Orders/Change Orders 051-075/058_Flexible Conduit in Pier 2 (PCO 146) (Executed)/Executed CO (Final Docs)/C9015 CO 058 Flexible Conduit in Pier 2 - signed.pdf,
059,EXECUTED,C9015 CO 059 COVID Pre-Suspension - signed.pdf,059_COVID Pre-Suspension (PCO 150) (Executed),0.15,2020-07-07,/Users/z/Library/CloudStorage/OneDrive-WashingtonStateDepartmentofTransportation/TheBRIDGE - Montlake - Change Management  Documents/050_Change Orders/Change Orders 051-075/059_COVID Pre-Suspension (PCO 150) (Executed)/Executed CO (Final Docs)/C9015 CO 059 COVID Pre-Suspension - signed.pdf,
060,EXECUTED,C9015 CO 060 COVID Closeout Certification - signed.pdf,060_COVID Closeout Certification (PCO 186) (Executed),0.26,2020-07-14,/Users/z/Library/CloudStorage/OneDrive-WashingtonStateDepartmentofTransportation/TheBRIDGE - Montlake - Change Management  Documents/050_Change Orders/Change Orders 051-075/060_COVID Closeout Certification (PCO 186) (Executed)/Executed CO (Final Docs)/C9015 CO 060 COVID Closeout Certification - signed.pdf,
061,EXECUTED,C9015 CO 061 NOAA Property Modifications - signed.pdf,061_NOAA Property Modifications (PCO 059) (Executed),0.75,2020-08-25,/Users/z/Library/CloudStorage/OneDrive-WashingtonStateDepartmentofTransportation/TheBRIDGE - Montlake - Change Management  Documents/050_Change Orders/Change Orders 051-075/061_NOAA Property Modifications (PCO 059) (Executed)/Executed CO (Final Docs)/C9015 CO 061 NOAA Property Modifications - signed.pdf,
062,EXECUTED,C9015 CO 062 LWB Pvmt Mod-Resurf. LWB & Rke - signed.pdf,"062_LWB Pvmt Mod-Resurf. LWB & Rke (PCO 180, 192) (Executed)",1.45,2021-05-18,"/Users/z/Library/CloudStorage/OneDrive-WashingtonStateDepartmentofTransportation/TheBRIDGE - Montlake - Change Management  Documents/050_Change Orders/Change Orders 051-075/062_LWB Pvmt Mod-Resurf. LWB & Rke (PCO 180, 192) (Executed)/Executed CO (Final Docs)/C9015 CO 062 LWB Pvmt Mod-Resurf. LWB & Rke - signed.pdf",
063,EXECUTED,C9015 CO 063 Powder Coating Materials - signed.pdf,063_Powder Coating Materials (PCO 184) (Executed),0.15,2020-07-30,/Users/z/Library/CloudStorage/OneDrive-WashingtonStateDepartmentofTransportation/TheBRIDGE - Montlake - Change Management  Documents/050_Change Orders/Change Orders 051-075/063_Powder Coating Materials (PCO 184) (Executed)/Executed CO (Final Docs)/C9015 CO 063 Powder Coating Materials - signed.pdf,
064,EXECUTED,C9015 CO 064 COVID Suspension of Work - signed.pdf,064_COVID Suspension of Work (PCO 154) (Executed),0.21,2020-08-25,/Users/z/Library/CloudStorage/OneDrive-WashingtonStateDepartmentofTransportation/TheBRIDGE - Montlake - Change Management  Documents/050_Change Orders/Change Orders 051-075/064_COVID Suspension of Work (PCO 154) (Executed)/Executed CO (Final Docs)/C9015 CO 064 COVID Suspension of Work - signed.pdf,
065,EXECUTED,C9015 CO 065 Fiber Conduit-Cable Revisions - signed.pdf,065_Fiber Conduit-Cable Revisions (PCO 172) (Executed),3.84,2021-04-16,/Users/z/Library/CloudStorage/OneDrive-WashingtonStateDepartmentofTransportation/TheBRIDGE - Montlake - Change Management  Documents/050_Change Orders/Change Orders 051-075/065_Fiber Conduit-Cable Revisions (PCO 172) (Executed)/Executed CO (Final Docs)/C9015 CO 065 Fiber Conduit-Cable Revisions - signed.pdf,
066,EXECUTED,C9015 CO 066 CWA Amendment 2 - signed.pdf,066_CWA Amendment 2 (PCO 201) (Executed),0.87,2020-09-21,/Users/z/Library/CloudStorage/OneDrive-WashingtonStateDepartmentofTransportation/TheBRIDGE - Montlake - Change Management  Documents/050_Change Orders/Change Orders 051-075/066_CWA Amendment 2 (PCO 201) (Executed)/Executed CO (Final Docs)/C9015 CO 066 CWA Amendment 2 - signed.pdf,
067,EXECUTED,C9015 CO 067 As-Built Temp Working Drawings - signed.pdf,067_As-Built WDs-PE Encasement (PCO 152) (Executed),0.15,2020-10-30,/Users/z/Library/CloudStorage/OneDrive-WashingtonStateDepartmentofTransportation/TheBRIDGE - Montlake - Change Management  Documents/050_Change Orders/Change Orders 051-075/067_As-Built WDs-PE Encasement (PCO 152) (Executed)/Executed CO (Final Docs)/C9015 CO 067 As-Built Temp Working Drawings - signed.pdf,
068,EXECUTED,C9015 068 COVID Monthly Costs for Sanit. - signed.pdf,068_COVID Monthly Costs for Sanit (PCO 157) (Executed),0.21,2021-03-25,/Users/z/Library/CloudStorage/OneDrive-WashingtonStateDepartmentofTransportation/TheBRIDGE - Montlake - Change Management  Documents/050_Change Orders/Change Orders 051-075/068_COVID Monthly Costs for Sanit (PCO 157) (Executed)/Executed CO (Final Docs)/C9015 068 COVID Monthly Costs for Sanit. - signed.pdf,
069,EXECUTED,C9015 CO 069 Roanoke Plz Re-Design Pricing - signed.pdf,069_Roanoke Plz Re-design Pricing (PCO 203) (Executed),2.58,2020-11-12,/Users/z/Library/CloudStorage/OneDrive-WashingtonStateDepartmentofTransportation/TheBRIDGE - Montlake - Change Management  Documents/050_Change Orders/Change Orders 051-075/069_Roanoke Plz Re-design Pricing (PCO 203) (Executed)/Executed CO (Final Docs)/C9015 CO 069 Roanoke Plz Re-Design Pricing - signed.pdf,
070,EXECUTED,C9015 CO 070 UL Ltg Nighttime Cir - Design - signed.pdf,070_UL Ltg Nighttime Cir - Design (PCO 187) (Executed),0.17,2020-10-09,/Users/z/Library/CloudStorage/OneDrive-WashingtonStateDepartmentofTransportation/TheBRIDGE - Montlake - Change Management  Documents/050_Change Orders/Change Orders 051-075/070_UL Ltg Nighttime Cir - Design (PCO 187) (Executed)/Executed CO (Final Docs)/C9015 CO 070 UL Ltg Nighttime Cir - Design - signed.pdf,
071,EXECUTED,C9015 CO 071 ATM Sign Controllers - signed.pdf,071_ATM Sign Controllers (PCO 162) (Executed),0.16,2020-10-29,/Users/z/Library/CloudStorage/OneDrive-WashingtonStateDepartmentofTransportation/TheBRIDGE - Montlake - Change Management  Documents/050_Change Orders/Change Orders 051-075/071_ATM Sign Controllers (PCO 162) (Executed)/Executed CO (Final Docs)/C9015 CO 071 ATM Sign Controllers - signed.pdf,
072,EXECUTED,C9015 CO 072 PLB Structure Requirements - signed.pdf,072_PLB Structure Requirements (PCO 044) (Executed),0.16,2020-12-01,/Users/z/Library/CloudStorage/OneDrive-WashingtonStateDepartmentofTransportation/TheBRIDGE - Montlake - Change Management  Documents/050_Change Orders/Change Orders 051-075/072_PLB Structure Requirements (PCO 044) (Executed)/Executed CO (Final Docs)/C9015 CO 072 PLB Structure Requirements - signed.pdf,
073,EXECUTED,C9015 CO 073 PE Encase for WSDOT DI Pipe - signed.pdf,073_PE Encase for WSDOT DI Pipe (PCO 193) (Executed),1.61,2020-10-30,/Users/z/Library/CloudStorage/OneDrive-WashingtonStateDepartmentofTransportation/TheBRIDGE - Montlake - Change Management  Documents/050_Change Orders/Change Orders 051-075/073_PE Encase for WSDOT DI Pipe (PCO 193) (Executed)/Executed CO (Final Docs)/C9015 CO 073 PE Encase for WSDOT DI Pipe - signed.pdf,
074,EXECUTED,C9015 CO 074 Reinf. Steel Working Drawings - signed.pdf,074_Reinf. Steel Working Drawings (PCO 151) (Executed),0.15,2020-11-10,/Users/z/Library/CloudStorage/OneDrive-WashingtonStateDepartmentofTransportation/TheBRIDGE - Montlake - Change Management  Documents/050_Change Orders/Change Orders 051-075/074_Reinf. Steel Working Drawings (PCO 151) (Executed)/Executed CO (Final Docs)/C9015 CO 074 Reinf. Steel Working Drawings - signed.pdf,
075,EXECUTED,C9015 CO 075 FB&L FIRE Hydrant Clar. - signed.pdf,075_FB&L Fire Hydrant Clar (PCO 196) (Executed),0.15,2020-12-07,/Users/z/Library/CloudStorage/OneDrive-WashingtonStateDepartmentofTransportation/TheBRIDGE - Montlake - Change Management  Documents/050_Change Orders/Change Orders 051-075/075_FB&L Fire Hydrant Clar (PCO 196) (Executed)/Executed CO (Final Docs)/C9015 CO 075 FB&L FIRE Hydrant Clar. - signed.pdf,
076,EXECUTED,C9015 C076 Demo of Ex. Seismic Retrofit - signed.pdf,076_Demo of Ex. Seismic Retrofit (PCO 135) (Executed),0.20,2020-12-24,/Users/z/Library/CloudStorage/OneDrive-WashingtonStateDepartmentofTransportation/TheBRIDGE - Montlake - Change Management  Documents/050_Change Orders/Change Orders 076-100/076_Demo of Ex. Seismic Retrofit (PCO 135) (Executed)/Executed CO (Final Docs)/C9015 C076 Demo of Ex. Seismic Retrofit - signed.pdf,
077,EXECUTED,C9015 CO 077 COVID Completion of Work - signed.pdf,"077_COVID Completion of Work (PCO 165, 190) (Executed)",1.27,2021-02-11,"/Users/z/Library/CloudStorage/OneDrive-WashingtonStateDepartmentofTransportation/TheBRIDGE - Montlake - Change Management  Documents/050_Change Orders/Change Orders 076-100/077_COVID Completion of Work (PCO 165, 190) (Executed)/Executed CO (Final Docs)/C9015 CO 077 COVID Completion of Work - signed.pdf",
078,EXECUTED,C9015 CO 078 EPS Bearings - signed.pdf,078_EPS Bearing (PCO 043) (Executed),0.78,2021-03-15,/Users/z/Library/CloudStorage/OneDrive-WashingtonStateDepartmentofTransportation/TheBRIDGE - Montlake - Change Management  Documents/050_Change Orders/Change Orders 076-100/078_EPS Bearing (PCO 043) (Executed)/Executed CO (Final Docs)/C9015 CO 078 EPS Bearings - signed.pdf,
079,EXECUTED,C9015 CO 079 TMS Workstation Modifications - signed.pdf,079_TMS Workstation Modifications (PCO 208) (Executed),0.13,2021-04-02,/Users/z/Library/CloudStorage/OneDrive-WashingtonStateDepartmentofTransportation/TheBRIDGE - Montlake - Change Management  Documents/050_Change Orders/Change Orders 076-100/079_TMS Workstation Modifications (PCO 208) (Executed)/Executed CO (Final Docs)/C9015 CO 079 TMS Workstation Modifications - signed.pdf,
080,EXECUTED,C9015 CO 080 CAD Conformance for RFC Docs - signed.pdf,080_CAD Conformance for RFC Docs (PCO 217) (Executed),0.15,2021-02-02,/Users/z/Library/CloudStorage/OneDrive-WashingtonStateDepartmentofTransportation/TheBRIDGE - Montlake - Change Management  Documents/050_Change Orders/Change Orders 076-100/080_CAD Conformance for RFC Docs (PCO 217) (Executed)/Executed CO (Final Docs)/C9015 CO 080 CAD Conformance for RFC Docs - signed.pdf,
081,EXECUTED,C9015 CO 081 Uninterruptible Power Supply - signed.pdf,081_Uninterruptible Power Supply (PCO 169) (Executed),0.14,2021-03-29,/Users/z/Library/CloudStorage/OneDrive-WashingtonStateDepartmentofTransportation/TheBRIDGE - Montlake - Change Management  Documents/050_Change Orders/Change Orders 076-100/081_Uninterruptible Power Supply (PCO 169) (Executed)/Executed CO (Final Docs)/C9015 CO 081 Uninterruptible Power Supply - signed.pdf,
082,EXECUTED,C9015 CO 082 Shotcrete at RSUP Tunnel - signed.pdf,082_Shotcrete at RSUP Tunnel (PCO 206) (Executed),0.13,2021-03-11,/Users/z/Library/CloudStorage/OneDrive-WashingtonStateDepartmentofTransportation/TheBRIDGE - Montlake - Change Management  Documents/050_Change Orders/Change Orders 076-100/082_Shotcrete at RSUP Tunnel (PCO 206) (Executed)/Executed CO (Final Docs)/C9015 CO 082 Shotcrete at RSUP Tunnel - signed.pdf,
083,EXECUTED,C9015 CO 083 CSL Testing Spec Modification - signed.pdf,083_CSL Testing Spec Modification (PCO 221) (Executed),0.13,2021-03-30,/Users/z/Library/CloudStorage/OneDrive-WashingtonStateDepartmentofTransportation/TheBRIDGE - Montlake - Change Management  Documents/050_Change Orders/Change Orders 076-100/083_CSL Testing Spec Modification (PCO 221) (Executed)/Executed CO (Final Docs)/C9015 CO 083 CSL Testing Spec Modification - signed.pdf,
084,EXECUTED,C9015 CO 084 COS Cut-in Signal Loops - signed.pdf,084_COS Cut-In Signal Loops (PCO 108) (Executed),0.14,2021-03-31,/Users/z/Library/CloudStorage/OneDrive-WashingtonStateDepartmentofTransportation/TheBRIDGE - Montlake - Change Management  Documents/050_Change Orders/Change Orders 076-100/084_COS Cut-In Signal Loops (PCO 108) (Executed)/Executed CO (Final Docs)/C9015 CO 084 COS Cut-in Signal Loops - signed.pdf,
085,EXECUTED,C9015 CO 085 Incr Cond Size at St Crossings - signed.pdf,085_Incr Cond Size at St Crossings (PCO 204) (Executed),1.49,2021-05-13,/Users/z/Library/CloudStorage/OneDrive-WashingtonStateDepartmentofTransportation/TheBRIDGE - Montlake - Change Management  Documents/050_Change Orders/Change Orders 076-100/085_Incr Cond Size at St Crossings (PCO 204) (Executed)/Executed CO (Final Docs)/C9015 CO 085 Incr Cond Size at St Crossings - signed.pdf,
086,EXECUTED,C9015 CO 086 Sign Brdg Repair Wknd Closure - signed.pdf,086_Sign Brdg Repair Wknd Closure (PCO 140) (Executed),0.14,2021-04-19,/Users/z/Library/CloudStorage/OneDrive-WashingtonStateDepartmentofTransportation/TheBRIDGE - Montlake - Change Management  Documents/050_Change Orders/Change Orders 076-100/086_Sign Brdg Repair Wknd Closure (PCO 140) (Executed)/Executed CO (Final Docs)/C9015 CO 086 Sign Brdg Repair Wknd Closure - signed.pdf,
087,EXECUTED,C9015 CO 087 24th Ave Signal Ctrl Cab Parts - signed.pdf,087_24th Ave Signal Ctrl Cab Parts (PCO 166) (Executed),0.11,2021-04-26,/Users/z/Library/CloudStorage/OneDrive-WashingtonStateDepartmentofTransportation/TheBRIDGE - Montlake - Change Management  Documents/050_Change Orders/Change Orders 076-100/087_24th Ave Signal Ctrl Cab Parts (PCO 166) (Executed)/Executed CO (Final Docs)/C9015 CO 087 24th Ave Signal Ctrl Cab Parts - signed.pdf,
088,EXECUTED,C9015 CO 088 SPR Lighting Service Cabinet - signed.pdf,088_SPR Lighting Service Cabinet (PCO 189) (Executed),0.14,2021-03-23,/Users/z/Library/CloudStorage/OneDrive-WashingtonStateDepartmentofTransportation/TheBRIDGE - Montlake - Change Management  Documents/050_Change Orders/Change Orders 076-100/088_SPR Lighting Service Cabinet (PCO 189) (Executed)/Executed CO (Final Docs)/C9015 CO 088 SPR Lighting Service Cabinet - signed.pdf,
089,EXECUTED,C9015 CO 089 LED Underlid Ltg Spare Parts - signed.pdf,089_LED Underlid Ltg Spare Parts (PCO 051) (Executed),0.14,2021-04-26,/Users/z/Library/CloudStorage/OneDrive-WashingtonStateDepartmentofTransportation/TheBRIDGE - Montlake - Change Management  Documents/050_Change Orders/Change Orders 076-100/089_LED Underlid Ltg Spare Parts (PCO 051) (Executed)/Executed CO (Final Docs)/C9015 CO 089 LED Underlid Ltg Spare Parts - signed.pdf,
090,EXECUTED,C9015 CO 090 Roanoke Plaza Re-design - signed.pdf,090_Roanoke Plaza Re-Design Work (PCO 224) (Executed),1.95,2021-09-21,/Users/z/Library/CloudStorage/OneDrive-WashingtonStateDepartmentofTransportation/TheBRIDGE - Montlake - Change Management  Documents/050_Change Orders/Change Orders 076-100/090_Roanoke Plaza Re-Design Work (PCO 224) (Executed)/Executed CO (Final Docs)/C9015 CO 090 Roanoke Plaza Re-design - signed.pdf,
091,EXECUTED,C9015 CO 091 Barge Requirements - signed.pdf,091_Barge Requirements (PCO 232) (Executed),0.12,2021-05-05,/Users/z/Library/CloudStorage/OneDrive-WashingtonStateDepartmentofTransportation/TheBRIDGE - Montlake - Change Management  Documents/050_Change Orders/Change Orders 076-100/091_Barge Requirements (PCO 232) (Executed)/Executed CO (Final Docs)/C9015 CO 091 Barge Requirements - signed.pdf,
092,EXECUTED,C9015 CO 092 Staging Area Modification - signed.pdf,092_Staging Area Modification (PCO 234) (Executed),1.11,2021-04-26,/Users/z/Library/CloudStorage/OneDrive-WashingtonStateDepartmentofTransportation/TheBRIDGE - Montlake - Change Management  Documents/050_Change Orders/Change Orders 076-100/092_Staging Area Modification (PCO 234) (Executed)/Executed CO (Final Docs)/C9015 CO 092 Staging Area Modification - signed.pdf,
093,EXECUTED,C9015 CO 093 Remove 6 Vib Monitors on WABN - signed.pdf,093_Remove 6 Vib Monitors on WABN (PCO 231) (Executed),0.12,2021-05-27,/Users/z/Library/CloudStorage/OneDrive-WashingtonStateDepartmentofTransportation/TheBRIDGE - Montlake - Change Management  Documents/050_Change Orders/Change Orders 076-100/093_Remove 6 Vib Monitors on WABN (PCO 231) (Executed)/Executed CO (Final Docs)/C9015 CO 093 Remove 6 Vib Monitors on WABN - signed.pdf,
094,EXECUTED,C9015 CO 094 SR 520-6A Bent 2 Demo Changes - signed.pdf,094_SR 520-6A Bent 2 Demo Changes (PCO 124) (Executed),1.96,2021-05-06,/Users/z/Library/CloudStorage/OneDrive-WashingtonStateDepartmentofTransportation/TheBRIDGE - Montlake - Change Management  Documents/050_Change Orders/Change Orders 076-100/094_SR 520-6A Bent 2 Demo Changes (PCO 124) (Executed)/Executed CO (Final Docs)/C9015 CO 094 SR 520-6A Bent 2 Demo Changes - signed.pdf,
095,EXECUTED,C9015 CO 095 Signage for Flammable Cargo - signed.pdf,095_Signage for Flammable Cargo (PCO 222) (Executed),1.45,2021-06-01,/Users/z/Library/CloudStorage/OneDrive-WashingtonStateDepartmentofTransportation/TheBRIDGE - Montlake - Change Management  Documents/050_Change Orders/Change Orders 076-100/095_Signage for Flammable Cargo (PCO 222) (Executed)/Executed CO (Final Docs)/C9015 CO 095 Signage for Flammable Cargo - signed.pdf,
096,EXECUTED,C-9015 CO 96 WSDOT Sign Changes - signed.pdf,096_WSDOT Sign Changes (PCO 114) (Executed),0.96,2021-06-23,/Users/z/Library/CloudStorage/OneDrive-WashingtonStateDepartmentofTransportation/TheBRIDGE - Montlake - Change Management  Documents/050_Change Orders/Change Orders 076-100/096_WSDOT Sign Changes (PCO 114) (Executed)/Executed CO (Final Docs)/C-9015 CO 96 WSDOT Sign Changes - signed.pdf,
097,EXECUTED,C9015 CO 097 Montlake South Const Limits - signed.pdf,097_Montlake South Const Limits (PCO 216) (Executed),1.30,2021-08-03,/Users/z/Library/CloudStorage/OneDrive-WashingtonStateDepartmentofTransportation/TheBRIDGE - Montlake - Change Management  Documents/050_Change Orders/Change Orders 076-100/097_Montlake South Const Limits (PCO 216) (Executed)/Executed CO (Final Docs)/C9015 CO 097 Montlake South Const Limits - signed.pdf,
098,EXECUTED,C9015 CO 098 WABS Column Core Mix Design - signed.pdf,098_WABS Column Core Mix Design (PCO 235) (Executed),0.12,2021-05-27,/Users/z/Library/CloudStorage/OneDrive-WashingtonStateDepartmentofTransportation/TheBRIDGE - Montlake - Change Management  Documents/050_Change Orders/Change Orders 076-100/098_WABS Column Core Mix Design (PCO 235) (Executed)/Executed CO (Final Docs)/C9015 CO 098 WABS Column Core Mix Design - signed.pdf,
099,EXECUTED,C9015 CO 099 SIP Forms for Tub Girders - signed.pdf,099_SIP Forms for Tub Girders (PCO 223) (Executed),0.12,2021-05-27,/Users/z/Library/CloudStorage/OneDrive-WashingtonStateDepartmentofTransportation/TheBRIDGE - Montlake - Change Management  Documents/050_Change Orders/Change Orders 076-100/099_SIP Forms for Tub Girders (PCO 223) (Executed)/Executed CO (Final Docs)/C9015 CO 099 SIP Forms for Tub Girders - signed.pdf,
100,EXECUTED,C9015 CO 100 ML Plaza Maintenance Access - signed.pdf,100_ML Plaza Maintenance Access (PCO 179) (Executed),1.50,2021-07-26,/Users/z/Library/CloudStorage/OneDrive-WashingtonStateDepartmentofTransportation/TheBRIDGE - Montlake - Change Management  Documents/050_Change Orders/Change Orders 076-100/100_ML Plaza Maintenance Access (PCO 179) (Executed)/Executed CO (Final Docs)/C9015 CO 100 ML Plaza Maintenance Access - signed.pdf,
101,EXECUTED,C9015 CO 101 Maint. Veh. Turnaround on RSUP - signed.pdf,101_Maint Veh Turnaround on RSUP (PCO 197) (Executed),0.14,2021-08-24,/Users/z/Library/CloudStorage/OneDrive-WashingtonStateDepartmentofTransportation/TheBRIDGE - Montlake - Change Management  Documents/050_Change Orders/Change Orders 101-125/101_Maint Veh Turnaround on RSUP (PCO 197) (Executed)/Executed CO (Final Docs)/C9015 CO 101 Maint. Veh. Turnaround on RSUP - signed.pdf,
102,EXECUTED,C9015 CO 102 Maint Path Pavement Sect Mods - signed.pdf,102_Pavement Section on Maint Path (PCO 198) (Executed),0.69,2021-12-17,/Users/z/Library/CloudStorage/OneDrive-WashingtonStateDepartmentofTransportation/TheBRIDGE - Montlake - Change Management  Documents/050_Change Orders/Change Orders 101-125/102_Pavement Section on Maint Path (PCO 198) (Executed)/Executed CO (Final Docs)/C9015 CO 102 Maint Path Pavement Sect Mods - signed.pdf,
103,EXECUTED,C9015 CO 103 Dowels in SW's at Lid Edges - signed.pdf,103_Dowels in SW's at Lid Edges (PCO 207) (Executed),0.70,2021-09-14,/Users/z/Library/CloudStorage/OneDrive-WashingtonStateDepartmentofTransportation/TheBRIDGE - Montlake - Change Management  Documents/050_Change Orders/Change Orders 101-125/103_Dowels in SW's at Lid Edges (PCO 207) (Executed)/Executed CO (Final Docs)/C9015 CO 103 Dowels in SW's at Lid Edges - signed.pdf,
104,EXECUTED,C9015 CO 104 COVID - Sanitation Extension - signed.pdf,104_COVID - Sanitation Extension (PCO 236) (Executed),0.15,2021-10-19,/Users/z/Library/CloudStorage/OneDrive-WashingtonStateDepartmentofTransportation/TheBRIDGE - Montlake - Change Management  Documents/050_Change Orders/Change Orders 101-125/104_COVID - Sanitation Extension (PCO 236) (Executed)/Executed CO (Final Docs)/C9015 CO 104 COVID - Sanitation Extension - signed.pdf,
105,EXECUTED,C9015 CO 105 Peninsula Gate Requirements_signed.pdf,105_Peninsula Gate Requirements (PCO 109) (Executed),0.13,2021-07-12,/Users/z/Library/CloudStorage/OneDrive-WashingtonStateDepartmentofTransportation/TheBRIDGE - Montlake - Change Management  Documents/050_Change Orders/Change Orders 101-125/105_Peninsula Gate Requirements (PCO 109) (Executed)/Executed CO (Final Docs)/C9015 CO 105 Peninsula Gate Requirements_signed.pdf,
106,EXECUTED,C9015 CO 106 Brdg Drg Pipe Paint Mods - signed.pdf,106_Elim Brdg Drg Pipe Paint Rqmt (PCO 138) (Executed),0.12,2021-08-24,/Users/z/Library/CloudStorage/OneDrive-WashingtonStateDepartmentofTransportation/TheBRIDGE - Montlake - Change Management  Documents/050_Change Orders/Change Orders 101-125/106_Elim Brdg Drg Pipe Paint Rqmt (PCO 138) (Executed)/Executed CO (Final Docs)/C9015 CO 106 Brdg Drg Pipe Paint Mods - signed.pdf,
107,EXECUTED,C9015_CO 107 RSUP Tunnel Lighting - signed.pdf,107_RSUP Tunnel Lighting (PCO 183) (Executed),0.12,2021-08-02,/Users/z/Library/CloudStorage/OneDrive-WashingtonStateDepartmentofTransportation/TheBRIDGE - Montlake - Change Management  Documents/050_Change Orders/Change Orders 101-125/107_RSUP Tunnel Lighting (PCO 183) (Executed)/Executed CO (Final Docs)/C9015_CO 107 RSUP Tunnel Lighting - signed.pdf,
108,EXECUTED,C9015 CO 108_Seattle Design Comm Workshop - signed.pdf,108_Seattle Design Comm Workshop (PCO 209) (Executed),0.13,2021-08-02,/Users/z/Library/CloudStorage/OneDrive-WashingtonStateDepartmentofTransportation/TheBRIDGE - Montlake - Change Management  Documents/050_Change Orders/Change Orders 101-125/108_Seattle Design Comm Workshop (PCO 209) (Executed)/Executed CO (Final Docs)/C9015 CO 108_Seattle Design Comm Workshop - signed.pdf,
109,EXECUTED,C9015 CO 109 Fut Ramp Meter Eqpt for PBB - signed.pdf,109_Fdn & Conduit for Fut PBB Ramp (PCO 211) (Executed),0.89,2021-08-24,/Users/z/Library/CloudStorage/OneDrive-WashingtonStateDepartmentofTransportation/TheBRIDGE - Montlake - Change Management  Documents/050_Change Orders/Change Orders 101-125/109_Fdn & Conduit for Fut PBB Ramp (PCO 211) (Executed)/Executed CO (Final Docs)/C9015 CO 109 Fut Ramp Meter Eqpt for PBB - signed.pdf,
110,EXECUTED,C9015 CO 110 Temp DWXI On-Ramp at NOAA Prop - signed.pdf,110_Temp DWXI On-Ramp at NOAA Prop (PCO 215) (Executed),0.14,2021-07-28,/Users/z/Library/CloudStorage/OneDrive-WashingtonStateDepartmentofTransportation/TheBRIDGE - Montlake - Change Management  Documents/050_Change Orders/Change Orders 101-125/110_Temp DWXI On-Ramp at NOAA Prop (PCO 215) (Executed)/Executed CO (Final Docs)/C9015 CO 110 Temp DWXI On-Ramp at NOAA Prop - signed.pdf,
111,EXECUTED,C9015 CO 111 SPU 54-inch TM Shutdown Mods. - signed.pdf,111_SPU 54-inch TM Shutdown Mods (PCO 212) (Executed),0.33,2021-08-24,/Users/z/Library/CloudStorage/OneDrive-WashingtonStateDepartmentofTransportation/TheBRIDGE - Montlake - Change Management  Documents/050_Change Orders/Change Orders 101-125/111_SPU 54-inch TM Shutdown Mods (PCO 212) (Executed)/Executed CO (Final Docs)/C9015 CO 111 SPU 54-inch TM Shutdown Mods. - signed.pdf,
112,EXECUTED,C9015 CO 112 SDOT Chan Changes on E ML Pl E - signed.pdf,112_SDOT Chan Changes on E ML PL E (PCO 239) (Executed),0.96,2021-10-19,/Users/z/Library/CloudStorage/OneDrive-WashingtonStateDepartmentofTransportation/TheBRIDGE - Montlake - Change Management  Documents/050_Change Orders/Change Orders 101-125/112_SDOT Chan Changes on E ML PL E (PCO 239) (Executed)/Executed CO (Final Docs)/C9015 CO 112 SDOT Chan Changes on E ML Pl E - signed.pdf,
113,EXECUTED,C9015 CO 113 SPU PRS Pipe Conn - Design Only - signed.pdf,113_SPU PRV Conn - Design Only (PCO 173) (Executed),0.13,2021-10-27,/Users/z/Library/CloudStorage/OneDrive-WashingtonStateDepartmentofTransportation/TheBRIDGE - Montlake - Change Management  Documents/050_Change Orders/Change Orders 101-125/113_SPU PRV Conn - Design Only (PCO 173) (Executed)/Executed CO (Final Docs)/C9015 CO 113 SPU PRS Pipe Conn - Design Only - signed.pdf,
114,EXECUTED,C9015 CO 114 Add'l Interpretive Signage - signed.pdf,114_Add'l Interpretive Signage (PCO 229) (Executed),0.11,2021-11-11,/Users/z/Library/CloudStorage/OneDrive-WashingtonStateDepartmentofTransportation/TheBRIDGE - Montlake - Change Management  Documents/050_Change Orders/Change Orders 101-125/114_Add'l Interpretive Signage (PCO 229) (Executed)/Executed CO (Final Docs)/C9015 CO 114 Add'l Interpretive Signage - signed.pdf,
115,EXECUTED,C9015 CO 115 Elimination of CO 95 Work - signed.pdf,115_Elimination of CO 95 Work (PCO 247) (Executed),0.13,2021-10-19,/Users/z/Library/CloudStorage/OneDrive-WashingtonStateDepartmentofTransportation/TheBRIDGE - Montlake - Change Management  Documents/050_Change Orders/Change Orders 101-125/115_Elimination of CO 95 Work (PCO 247) (Executed)/Executed CO (Final Docs)/C9015 CO 115 Elimination of CO 95 Work - signed.pdf,
116,EXECUTED,C9015 CO 116 CenturyLink Reloc Agreement - signed.pdf,116_Centurylink Agreement (PCO 243) (Executed),0.78,2022-04-01,/Users/z/Library/CloudStorage/OneDrive-WashingtonStateDepartmentofTransportation/TheBRIDGE - Montlake - Change Management  Documents/050_Change Orders/Change Orders 101-125/116_Centurylink Agreement (PCO 243) (Executed)/Executed CO (Final Docs)/C9015 CO 116 CenturyLink Reloc Agreement - signed.pdf,
117,EXECUTED,C9015 CO 117 Lane Closure Modifications - signed.pdf,117_Lane Closure Modifications (PCO 249) (Executed),0.13,2021-10-19,/Users/z/Library/CloudStorage/OneDrive-WashingtonStateDepartmentofTransportation/TheBRIDGE - Montlake - Change Management  Documents/050_Change Orders/Change Orders 101-125/117_Lane Closure Modifications (PCO 249) (Executed)/Executed CO (Final Docs)/C9015 CO 117 Lane Closure Modifications - signed.pdf,
118,EXECUTED,C9015 CO 118 FA Montlake Market Remediation - signed.pdf,118_FA Montlake Market Remediation (PCO 225) (Executed),0.34,2022-01-04,/Users/z/Library/CloudStorage/OneDrive-WashingtonStateDepartmentofTransportation/TheBRIDGE - Montlake - Change Management  Documents/050_Change Orders/Change Orders 101-125/118_FA Montlake Market Remediation (PCO 225) (Executed)/Executed CO (Final Docs)/C9015 CO 118 FA Montlake Market Remediation - signed.pdf,
119,EXECUTED,C9015 CO 119 NWR - SR 513 Comm & Htl Offers - signed.pdf,119_NWR - SR 513 Comm & Htl Offers (PCO 246) (Executed),0.14,2021-12-13,/Users/z/Library/CloudStorage/OneDrive-WashingtonStateDepartmentofTransportation/TheBRIDGE - Montlake - Change Management  Documents/050_Change Orders/Change Orders 101-125/119_NWR - SR 513 Comm & Htl Offers (PCO 246) (Executed)/Executed CO (Final Docs)/C9015 CO 119 NWR - SR 513 Comm & Htl Offers - signed.pdf,
120,EXECUTED,C9015 C120 SPU PRS Pipe Conn - Const Only - signed.pdf,"120_SPU PRS Pipe Conn - Const Only (PCO 244, 253) (Executed)",0.12,2021-12-01,"/Users/z/Library/CloudStorage/OneDrive-WashingtonStateDepartmentofTransportation/TheBRIDGE - Montlake - Change Management  Documents/050_Change Orders/Change Orders 101-125/120_SPU PRS Pipe Conn - Const Only (PCO 244, 253) (Executed)/Executed CO (Final Docs)/C9015 C120 SPU PRS Pipe Conn - Const Only - signed.pdf",
121,EXECUTED,C9015 CO 121 Pier 3 Core-Test Reimbursement - signed.pdf,121_Pier 3 Core-Test Reimbursement (PCO 240) (Executed),0.10,2021-11-11,/Users/z/Library/CloudStorage/OneDrive-WashingtonStateDepartmentofTransportation/TheBRIDGE - Montlake - Change Management  Documents/050_Change Orders/Change Orders 101-125/121_Pier 3 Core-Test Reimbursement (PCO 240) (Executed)/Executed CO (Final Docs)/C9015 CO 121 Pier 3 Core-Test Reimbursement - signed.pdf,
122,EXECUTED,C9015 CO 122 UL Ltg Nighttime Cir - Const - signed.pdf,122_UL Ltg Nighttime Cir - Const (PCO 188) (Executed),0.12,2021-12-17,/Users/z/Library/CloudStorage/OneDrive-WashingtonStateDepartmentofTransportation/TheBRIDGE - Montlake - Change Management  Documents/050_Change Orders/Change Orders 101-125/122_UL Ltg Nighttime Cir - Const (PCO 188) (Executed)/Executed CO (Final Docs)/C9015 CO 122 UL Ltg Nighttime Cir - Const - signed.pdf,
123,EXECUTED,C9015 CO 123 Additional Camera Relocation - signed.pdf,123_Additional Camera Relocations (PCO 257) (Executed),0.10,2022-01-04,/Users/z/Library/CloudStorage/OneDrive-WashingtonStateDepartmentofTransportation/TheBRIDGE - Montlake - Change Management  Documents/050_Change Orders/Change Orders 101-125/123_Additional Camera Relocations (PCO 257) (Executed)/Executed CO (Final Docs)/C9015 CO 123 Additional Camera Relocation - signed.pdf,
124,EXECUTED,C9015 CO 124 BCS HMI Location - signed.pdf,124_BCS HMI Location (PCO 256) (Executed),0.10,2022-01-04,/Users/z/Library/CloudStorage/OneDrive-WashingtonStateDepartmentofTransportation/TheBRIDGE - Montlake - Change Management  Documents/050_Change Orders/Change Orders 101-125/124_BCS HMI Location (PCO 256) (Executed)/Executed CO (Final Docs)/C9015 CO 124 BCS HMI Location - signed.pdf,
125,EXECUTED,C9015 CO 125 Add'l Hotel Offers for ML Project - signed.pdf,125_Add'l Hotel Offers for ML Proj (PCO 248) (Executed),0.10,2022-04-06,/Users/z/Library/CloudStorage/OneDrive-WashingtonStateDepartmentofTransportation/TheBRIDGE - Montlake - Change Management  Documents/050_Change Orders/Change Orders 101-125/125_Add'l Hotel Offers for ML Proj (PCO 248) (Executed)/Executed CO (Final Docs)/C9015 CO 125 Add'l Hotel Offers for ML Project - signed.pdf,
126,EXECUTED,C9015 CO 126 WABS Conduit Supports over 5Ft - signed.pdf,126_WABS Conduit Supports over 5Ft (PCO 262) (Executed),0.10,2022-01-27,/Users/z/Library/CloudStorage/OneDrive-WashingtonStateDepartmentofTransportation/TheBRIDGE - Montlake - Change Management  Documents/050_Change Orders/Change Orders 126-150/126_WABS Conduit Supports over 5Ft (PCO 262) (Executed)/Executed CO (Final Docs)/C9015 CO 126 WABS Conduit Supports over 5Ft - signed.pdf,
127,EXECUTED,C9015 CO 127 Elim Environmental Incentive - signed.pdf,127_Elim. Environmental Incentive (PCO 268) (Executed),0.12,2022-02-01,/Users/z/Library/CloudStorage/OneDrive-WashingtonStateDepartmentofTransportation/TheBRIDGE - Montlake - Change Management  Documents/050_Change Orders/Change Orders 126-150/127_Elim. Environmental Incentive (PCO 268) (Executed)/Executed CO (Final Docs)/C9015 CO 127 Elim Environmental Incentive - signed.pdf,
128,EXECUTED,C9015 CO 128 Hazardous Bldg Matls Allowance - signed.pdf,128_Hazardous Bldg Matls Allowance (PCO 269) (Executed),0.12,2022-01-10,/Users/z/Library/CloudStorage/OneDrive-WashingtonStateDepartmentofTransportation/TheBRIDGE - Montlake - Change Management  Documents/050_Change Orders/Change Orders 126-150/128_Hazardous Bldg Matls Allowance (PCO 269) (Executed)/Executed CO (Final Docs)/C9015 CO 128 Hazardous Bldg Matls Allowance - signed.pdf,
129,EXECUTED,C9015 CO 129 Landscape Mods in OCR - Design - signed.pdf,129_Landscape Mods in OCR - Design (PCO 238) (Executed),0.12,2022-02-01,/Users/z/Library/CloudStorage/OneDrive-WashingtonStateDepartmentofTransportation/TheBRIDGE - Montlake - Change Management  Documents/050_Change Orders/Change Orders 126-150/129_Landscape Mods in OCR - Design (PCO 238) (Executed)/Executed CO (Final Docs)/C9015 CO 129 Landscape Mods in OCR - Design - signed.pdf,
130,EXECUTED,C9015 CO 130 WABS Eqpt Pltfrm Angle Matls - signed.pdf,130_WABS Eqpt Pltfrm Angle Matls (PCO 273) (Executed),0.09,2022-03-15,/Users/z/Library/CloudStorage/OneDrive-WashingtonStateDepartmentofTransportation/TheBRIDGE - Montlake - Change Management  Documents/050_Change Orders/Change Orders 126-150/130_WABS Eqpt Pltfrm Angle Matls (PCO 273) (Executed)/Executed CO (Final Docs)/C9015 CO 130 WABS Eqpt Pltfrm Angle Matls - signed.pdf,
131,EXECUTED,C9015 CO 131 Strip Seal Replacement - signed.pdf,131_Strip Seal Replacement (PCO 002) (Executed),2.16,2022-03-15,/Users/z/Library/CloudStorage/OneDrive-WashingtonStateDepartmentofTransportation/TheBRIDGE - Montlake - Change Management  Documents/050_Change Orders/Change Orders 126-150/131_Strip Seal Replacement (PCO 002) (Executed)/Executed CO (Final Docs)/C9015 CO 131 Strip Seal Replacement - signed.pdf,
132,EXECUTED,C9015 CO 132 Relays and Monitoring Points - signed.pdf,132_Relays & Monitoring Points (PCO 176) (Executed),0.12,2022-03-15,/Users/z/Library/CloudStorage/OneDrive-WashingtonStateDepartmentofTransportation/TheBRIDGE - Montlake - Change Management  Documents/050_Change Orders/Change Orders 126-150/132_Relays & Monitoring Points (PCO 176) (Executed)/Executed CO (Final Docs)/C9015 CO 132 Relays and Monitoring Points - signed.pdf,
133,EXECUTED,C9015 CO 133 DRB Compensation - signed.pdf,133_DRB Compensation (PCO 278) (Executed),0.76,2022-04-01,/Users/z/Library/CloudStorage/OneDrive-WashingtonStateDepartmentofTransportation/TheBRIDGE - Montlake - Change Management  Documents/050_Change Orders/Change Orders 126-150/133_DRB Compensation (PCO 278) (Executed)/Executed CO (Final Docs)/C9015 CO 133 DRB Compensation - signed.pdf,
134,EXECUTED,C9015 CO 134 Landscape & Urban Des TR Edits - signed.pdf,"134_Landscape & Urban Des TR Revs (PCO 97, 185) (Executed)",2.38,2022-06-26,"/Users/z/Library/CloudStorage/OneDrive-WashingtonStateDepartmentofTransportation/TheBRIDGE - Montlake - Change Management  Documents/050_Change Orders/Change Orders 126-150/134_Landscape & Urban Des TR Revs (PCO 97, 185) (Executed)/Executed CO (Final Docs)/C9015 CO 134 Landscape & Urban Des TR Edits - signed.pdf",
135,EXECUTED,C9015 CO 135 Express Lanes Sign Cont Wiring - signed.pdf,135_Express Lanes Sign Cont Wiring (PCO 266) (Executed),1.72,2022-04-11,/Users/z/Library/CloudStorage/OneDrive-WashingtonStateDepartmentofTransportation/TheBRIDGE - Montlake - Change Management  Documents/050_Change Orders/Change Orders 126-150/135_Express Lanes Sign Cont Wiring (PCO 266) (Executed)/Executed CO (Final Docs)/C9015 CO 135 Express Lanes Sign Cont Wiring - signed.pdf,
136,EXECUTED,C9015 CO 136 Underlid Closure Signs - signed.pdf,136_Underlid Closure Signs (PCO 288) (Executed),0.10,2022-05-17,/Users/z/Library/CloudStorage/OneDrive-WashingtonStateDepartmentofTransportation/TheBRIDGE - Montlake - Change Management  Documents/050_Change Orders/Change Orders 126-150/136_Underlid Closure Signs (PCO 288) (Executed)/Executed CO (Final Docs)/C9015 CO 136 Underlid Closure Signs - signed.pdf,
137,EXECUTED,C9015 CO 137 WABS Shaft Duct Cleaning - signed.pdf,137_WABS Shaft Duct Clearing (PCO 284) (Executed),0.11,2022-07-11,/Users/z/Library/CloudStorage/OneDrive-WashingtonStateDepartmentofTransportation/TheBRIDGE - Montlake - Change Management  Documents/050_Change Orders/Change Orders 126-150/137_WABS Shaft Duct Clearing (PCO 284) (Executed)/Executed CO (Final Docs)/C9015 CO 137 WABS Shaft Duct Cleaning - signed.pdf,
138,EXECUTED,C9015 CO 138 Pavt Depth for DXEI Alignment - signed.pdf,138_Pavt Depth for DXEI Alignment (PCO 285) (Executed),0.11,2022-05-17,/Users/z/Library/CloudStorage/OneDrive-WashingtonStateDepartmentofTransportation/TheBRIDGE - Montlake - Change Management  Documents/050_Change Orders/Change Orders 126-150/138_Pavt Depth for DXEI Alignment (PCO 285) (Executed)/Executed CO (Final Docs)/C9015 CO 138 Pavt Depth for DXEI Alignment - signed.pdf,
139,EXECUTED,C9015 CO 139 Correction to CO 138 - signed.pdf,139_Correction to CO 138 (PCO 294) (Executed),0.10,2022-06-26,/Users/z/Library/CloudStorage/OneDrive-WashingtonStateDepartmentofTransportation/TheBRIDGE - Montlake - Change Management  Documents/050_Change Orders/Change Orders 126-150/139_Correction to CO 138 (PCO 294) (Executed)/Executed CO (Final Docs)/C9015 CO 139 Correction to CO 138 - signed.pdf,
140,EXECUTED,C9015 CO 140 Ethafoam Requirement - signed.pdf,140_Ethafoam Requirement (PCO 286) (Executed),0.09,2022-07-05,/Users/z/Library/CloudStorage/OneDrive-WashingtonStateDepartmentofTransportation/TheBRIDGE - Montlake - Change Management  Documents/050_Change Orders/Change Orders 126-150/140_Ethafoam Requirement (PCO 286) (Executed)/Executed CO (Final Docs)/C9015 CO 140 Ethafoam Requirement - signed.pdf,
141,EXECUTED,C9015 CO 141 LWB Long-Term Closure - signed.pdf,141_LWB Long-Term Closure (PCO 292) (Executed),0.09,2022-06-26,/Users/z/Library/CloudStorage/OneDrive-WashingtonStateDepartmentofTransportation/TheBRIDGE - Montlake - Change Management  Documents/050_Change Orders/Change Orders 126-150/141_LWB Long-Term Closure (PCO 292) (Executed)/Executed CO (Final Docs)/C9015 CO 141 LWB Long-Term Closure - signed.pdf,
142,EXECUTED,C9015 CO 142 Multiple Issue Reso No. 2-2022 - signed.pdf,"142_Mult Issue Res No. 2-2022 (PCO 182,277,279,290,291,293) (Executed)",1.52,2022-09-29,"/Users/z/Library/CloudStorage/OneDrive-WashingtonStateDepartmentofTransportation/TheBRIDGE - Montlake - Change Management  Documents/050_Change Orders/Change Orders 126-150/142_Mult Issue Res No. 2-2022 (PCO 182,277,279,290,291,293) (Executed)/Executed CO (Final Docs)/C9015 CO 142 Multiple Issue Reso No. 2-2022 - signed.pdf",
143,EXECUTED,C9015 CO 143 Multiple Issue Reso No. 3-2022 - signed.pdf,"143_Multiple Issue Res No. 3-2022 (PCO 083,261,265) (Executed)",1.29,2022-09-29,"/Users/z/Library/CloudStorage/OneDrive-WashingtonStateDepartmentofTransportation/TheBRIDGE - Montlake - Change Management  Documents/050_Change Orders/Change Orders 126-150/143_Multiple Issue Res No. 3-2022 (PCO 083,261,265) (Executed)/Executed CO (Final Docs)/C9015 CO 143 Multiple Issue Reso No. 3-2022 - signed.pdf",
144,EXECUTED,C9015 CO 144 Multiple Issue Reso No. 4-City-2022 - signed.pdf,"144_Mult Issue Res No. 4-2022 (PCO 237,245,252,270,271,282,295)",1.97,2023-01-31,"/Users/z/Library/CloudStorage/OneDrive-WashingtonStateDepartmentofTransportation/TheBRIDGE - Montlake - Change Management  Documents/050_Change Orders/Change Orders 126-150/144_Mult Issue Res No. 4-2022 (PCO 237,245,252,270,271,282,295)/Executed CO (Final Docs)/C9015 CO 144 Multiple Issue Reso No. 4-City-2022 - signed.pdf",
145,EXECUTED,C9015 CO 145 Noise Threshold Mods - signed.pdf,145_Noise Threshold Mods (PCO 283) (Executed),0.10,2022-08-30,/Users/z/Library/CloudStorage/OneDrive-WashingtonStateDepartmentofTransportation/TheBRIDGE - Montlake - Change Management  Documents/050_Change Orders/Change Orders 126-150/145_Noise Threshold Mods (PCO 283) (Executed)/Executed CO (Final Docs)/C9015 CO 145 Noise Threshold Mods - signed.pdf,
146,EXECUTED,C9015 CO 146 WABS Deck Conc Agg Size Mod - signed.pdf,146_WABS Deck Conc Agg Size Mod (PCO 300) (Executed),0.10,2022-09-08,/Users/z/Library/CloudStorage/OneDrive-WashingtonStateDepartmentofTransportation/TheBRIDGE - Montlake - Change Management  Documents/050_Change Orders/Change Orders 126-150/146_WABS Deck Conc Agg Size Mod (PCO 300) (Executed)/Executed CO (Final Docs)/C9015 CO 146 WABS Deck Conc Agg Size Mod - signed.pdf,
147,EXECUTED,C9015 CO 147 DXEI Ramp Shoulder Pvmt Mod - signed.pdf,147_DXEI Ramp Shoulder Pvmt Mod (PCO 302) (Executed),0.11,2022-12-06,/Users/z/Library/CloudStorage/OneDrive-WashingtonStateDepartmentofTransportation/TheBRIDGE - Montlake - Change Management  Documents/050_Change Orders/Change Orders 126-150/147_DXEI Ramp Shoulder Pvmt Mod (PCO 302) (Executed)/Executed CO (Final Docs)/C9015 CO 147 DXEI Ramp Shoulder Pvmt Mod - signed.pdf,
148,EXECUTED,C9015 CO 148 Hamlin Alley Permanent Pole - signed.pdf,148_Hamlin Alley Permanent Pole (PCO 297) (Executed),2.34,2023-02-16,/Users/z/Library/CloudStorage/OneDrive-WashingtonStateDepartmentofTransportation/TheBRIDGE - Montlake - Change Management  Documents/050_Change Orders/Change Orders 126-150/148_Hamlin Alley Permanent Pole (PCO 297) (Executed)/Executed CO (Final Docs)/C9015 CO 148 Hamlin Alley Permanent Pole - signed.pdf,
149,EXECUTED,C9015 CO 149 Balsamo Prop Dmge Claim Stlmt - signed.pdf,149_Balsamo Prop Dmge Claim Stlmt (PCO 307) (Executed),1.14,2023-02-22,/Users/z/Library/CloudStorage/OneDrive-WashingtonStateDepartmentofTransportation/TheBRIDGE - Montlake - Change Management  Documents/050_Change Orders/Change Orders 126-150/149_Balsamo Prop Dmge Claim Stlmt (PCO 307) (Executed)/Executed CO (Final Docs)/C9015 CO 149 Balsamo Prop Dmge Claim Stlmt - signed.pdf,
150,EXECUTED,C9015 CO 150 Bockus Prop Dmge Claim Stlmt - signed.pdf,150_Bockus Prop Dmge Claim Stlmt (PCO 311) (Executed),0.84,2023-04-20,/Users/z/Library/CloudStorage/OneDrive-WashingtonStateDepartmentofTransportation/TheBRIDGE - Montlake - Change Management  Documents/050_Change Orders/Change Orders 126-150/150_Bockus Prop Dmge Claim Stlmt (PCO 311) (Executed)/Executed CO (Final Docs)/C9015 CO 150 Bockus Prop Dmge Claim Stlmt - signed.pdf,
151,EXECUTED,C9015 CO 151 Metro Bus Facility Spare Parts - signed.pdf,151_Metro Bus Facility Spare Parts (PCO 050) (Executed),0.10,2023-04-18,/Users/z/Library/CloudStorage/OneDrive-WashingtonStateDepartmentofTransportation/TheBRIDGE - Montlake - Change Management  Documents/050_Change Orders/Change Orders 151-175/151_Metro Bus Facility Spare Parts (PCO 050) (Executed)/Executed CO (Final Docs)/C9015 CO 151 Metro Bus Facility Spare Parts - signed.pdf,
152,EXECUTED,C9015 CO 152 Subcontractor Percentages - signed.pdf,152_Subcontractor Percentages (PCO 310) Executed),0.10,2023-04-24,/Users/z/Library/CloudStorage/OneDrive-WashingtonStateDepartmentofTransportation/TheBRIDGE - Montlake - Change Management  Documents/050_Change Orders/Change Orders 151-175/152_Subcontractor Percentages (PCO 310) Executed)/Executed CO (Final Docs)/C9015 CO 152 Subcontractor Percentages - signed.pdf,
153,EXECUTED,C9015 CO 153 MLB & LWB Extended Closures - signed.pdf,153_MLB & LWB Extended Closures (PCO 309) (Executed),0.10,2023-05-30,/Users/z/Library/CloudStorage/OneDrive-WashingtonStateDepartmentofTransportation/TheBRIDGE - Montlake - Change Management  Documents/050_Change Orders/Change Orders 151-175/153_MLB & LWB Extended Closures (PCO 309) (Executed)/Executed CO (Final Docs)/C9015 CO 153 MLB & LWB Extended Closures - signed.pdf,
154,EXECUTED,C9015 CO 154 HMA Testing Performed by D-B - signed.pdf,154_HMA Testing Performed by DB (PCO 314) (Executed),0.11,2023-04-28,/Users/z/Library/CloudStorage/OneDrive-WashingtonStateDepartmentofTransportation/TheBRIDGE - Montlake - Change Management  Documents/050_Change Orders/Change Orders 151-175/154_HMA Testing Performed by DB (PCO 314) (Executed)/Executed CO (Final Docs)/C9015 CO 154 HMA Testing Performed by D-B - signed.pdf,
155,EXECUTED,C9015 CO 155 Strike-WABS Sch Recov and Time - signed.pdf,155_Strike-WABS Sch Recov and Time (PCO 317) (Executed),0.12,2023-07-31,/Users/z/Library/CloudStorage/OneDrive-WashingtonStateDepartmentofTransportation/TheBRIDGE - Montlake - Change Management  Documents/050_Change Orders/Change Orders 151-175/155_Strike-WABS Sch Recov and Time (PCO 317) (Executed)/Executed CO (Final Docs)/C9015 CO 155 Strike-WABS Sch Recov and Time - signed.pdf,
156,EXECUTED,C9015 CO 156 Lease Transfer Eastlake Office - signed.pdf,156_Lease Transfer Eastlake Office (PCO 315) (Executed),0.10,2023-08-30,/Users/z/Library/CloudStorage/OneDrive-WashingtonStateDepartmentofTransportation/TheBRIDGE - Montlake - Change Management  Documents/050_Change Orders/Change Orders 151-175/156_Lease Transfer Eastlake Office (PCO 315) (Executed)/Executed CO (Final Docs)/C9015 CO 156 Lease Transfer Eastlake Office - signed.pdf,
157,EXECUTED,C9015 CO 157 Eastlake Office 3rd Flr Rental - signed.pdf,157_Eastlake Office 3rd Flr Rental (PCO 316) (Executed),0.11,2023-06-29,/Users/z/Library/CloudStorage/OneDrive-WashingtonStateDepartmentofTransportation/TheBRIDGE - Montlake - Change Management  Documents/050_Change Orders/Change Orders 151-175/157_Eastlake Office 3rd Flr Rental (PCO 316) (Executed)/Executed CO (Final Docs)/C9015 CO 157 Eastlake Office 3rd Flr Rental - signed.pdf,
158,EXECUTED,C9015 CO 158 Irrigation Controller Mods - signed.pdf,158_Irrigation Controller Mods (PCO 312) (Executed),0.09,2023-08-30,/Users/z/Library/CloudStorage/OneDrive-WashingtonStateDepartmentofTransportation/TheBRIDGE - Montlake - Change Management  Documents/050_Change Orders/Change Orders 151-175/158_Irrigation Controller Mods (PCO 312) (Executed)/Executed CO (Final Docs)/C9015 CO 158 Irrigation Controller Mods - signed.pdf,
159,EXECUTED,C9015 CO 159 Additional Interpretive Signs - signed.pdf,159_Additional Interpretive Signs (PCO 327) (Executed),0.11,2024-01-25,/Users/z/Library/CloudStorage/OneDrive-WashingtonStateDepartmentofTransportation/TheBRIDGE - Montlake - Change Management  Documents/050_Change Orders/Change Orders 151-175/159_Additional Interpretive Signs (PCO 327) (Executed)/Executed CO (Final Docs)/C9015 CO 159 Additional Interpretive Signs - signed.pdf,
160,EXECUTED,C9015 CO 160 LWB Sidewalk Depth - signed.pdf,160_LWB Sidewalk Depth (PCO 330) (Executed),0.11,2024-04-04,/Users/z/Library/CloudStorage/OneDrive-WashingtonStateDepartmentofTransportation/TheBRIDGE - Montlake - Change Management  Documents/050_Change Orders/Change Orders 151-175/160_LWB Sidewalk Depth (PCO 330) (Executed)/Executed CO (Final Docs)/C9015 CO 160 LWB Sidewalk Depth - signed.pdf,
161,EXECUTED,C9015 CO 161 Independent RSUP Closure - signed.pdf,161_Independent RSUP Closure (Executed),0.09,2024-03-27,/Users/z/Library/CloudStorage/OneDrive-WashingtonStateDepartmentofTransportation/TheBRIDGE - Montlake - Change Management  Documents/050_Change Orders/Change Orders 151-175/161_Independent RSUP Closure (Executed)/Executed CO (Final Docs)/C9015 CO 161 Independent RSUP Closure - signed.pdf,
162,EXECUTED,C9015 CO 162 Storm Drainage Mods Bet W17&18 - signed.pdf,162_Storm Drainage Mods Bet W17&18 (Executed),0.26,2024-05-03,/Users/z/Library/CloudStorage/OneDrive-WashingtonStateDepartmentofTransportation/TheBRIDGE - Montlake - Change Management  Documents/050_Change Orders/Change Orders 151-175/162_Storm Drainage Mods Bet W17&18 (Executed)/Executed CO (Final Docs)/C9015 CO 162 Storm Drainage Mods Bet W17&18 - signed.pdf,
163,EXECUTED,C9015 CO 163 Truck Apron Mod at MLB & LWB - signed.pdf,163_Truck Apron Mod at MLB & LWB (Executed),0.11,2024-05-17,/Users/z/Library/CloudStorage/OneDrive-WashingtonStateDepartmentofTransportation/TheBRIDGE - Montlake - Change Management  Documents/050_Change Orders/Change Orders 151-175/163_Truck Apron Mod at MLB & LWB (Executed)/Executed CO (Final Docs)/C9015 CO 163 Truck Apron Mod at MLB & LWB - signed.pdf,
164,EXECUTED,C9015 CO 164 Sign Bridges 2 & 3 Sign Mods - signed.pdf,164_Sign Bridges 2 & 3 Sign Mods Executed),5.78,2024-04-30,/Users/z/Library/CloudStorage/OneDrive-WashingtonStateDepartmentofTransportation/TheBRIDGE - Montlake - Change Management  Documents/050_Change Orders/Change Orders 151-175/164_Sign Bridges 2 & 3 Sign Mods Executed)/Executed CO (Final Docs)/C9015 CO 164 Sign Bridges 2 & 3 Sign Mods - signed.pdf,
165,EXECUTED,C9015 CO 165 Elim. Ptg of SS Gutters & DS - signed.pdf,165_Elim. Ptg of SS Gutters & D-S (Executed),0.11,2024-05-22,/Users/z/Library/CloudStorage/OneDrive-WashingtonStateDepartmentofTransportation/TheBRIDGE - Montlake - Change Management  Documents/050_Change Orders/Change Orders 151-175/165_Elim. Ptg of SS Gutters & D-S (Executed)/Executed CO (Final Docs)/C9015 CO 165 Elim. Ptg of SS Gutters & DS - signed.pdf,
166,EXECUTED,C9015 CO 166 Multiple Issue Reso No. 5-2024 - signed.pdf,166_Landscape Modifications (Executed),8.24,2024-10-14,/Users/z/Library/CloudStorage/OneDrive-WashingtonStateDepartmentofTransportation/TheBRIDGE - Montlake - Change Management  Documents/050_Change Orders/Change Orders 151-175/166_Landscape Modifications (Executed)/Executed CO (Final Docs)/C9015 CO 166 Multiple Issue Reso No. 5-2024 - signed.pdf,
167,EXECUTED,C9015 CO 167 UL Luminance Test Scenarios - signed.pdf,167_Underlid Luminance Test Sce (Executed),0.26,2024-07-01,/Users/z/Library/CloudStorage/OneDrive-WashingtonStateDepartmentofTransportation/TheBRIDGE - Montlake - Change Management  Documents/050_Change Orders/Change Orders 151-175/167_Underlid Luminance Test Sce (Executed)/Executed CO (Final Docs)/C9015 CO 167 UL Luminance Test Scenarios - signed.pdf,
168,EXECUTED,C9015 CO 168 SDOT Cabinet - signed.pdf,168_SDOT Cabinet (Executed),0.27,2024-07-01,/Users/z/Library/CloudStorage/OneDrive-WashingtonStateDepartmentofTransportation/TheBRIDGE - Montlake - Change Management  Documents/050_Change Orders/Change Orders 151-175/168_SDOT Cabinet (Executed)/Executed CO (Final Docs)/C9015 CO 168 SDOT Cabinet - signed.pdf,
169,EXECUTED,C9015 CO 169 Multiple Issue Reso No. 5-2024 - signed.pdf,169_Multiple Issue Reso No. 5-2024 (Executed),4.41,2024-09-03,/Users/z/Library/CloudStorage/OneDrive-WashingtonStateDepartmentofTransportation/TheBRIDGE - Montlake - Change Management  Documents/050_Change Orders/Change Orders 151-175/169_Multiple Issue Reso No. 5-2024 (Executed)/Executed CO (Final Docs)/C9015 CO 169 Multiple Issue Reso No. 5-2024 - signed.pdf,
170,EXECUTED,C9015 CO 170 Multiple Issue Reso 6-2024 - signed.pdf,170_Multiple Issue Reso No. 6-2024 (Executed),0.28,2024-08-12,/Users/z/Library/CloudStorage/OneDrive-WashingtonStateDepartmentofTransportation/TheBRIDGE - Montlake - Change Management  Documents/050_Change Orders/Change Orders 151-175/170_Multiple Issue Reso No. 6-2024 (Executed)/Executed CO (Final Docs)/C9015 CO 170 Multiple Issue Reso 6-2024 - signed.pdf,
171,EXECUTED,C9015 CO 171 Multiple Issue Reso No. 7-2024 - signed.pdf,171_Multiple Issue Reso No. 7-2024,0.26,2024-07-22,/Users/z/Library/CloudStorage/OneDrive-WashingtonStateDepartmentofTransportation/TheBRIDGE - Montlake - Change Management  Documents/050_Change Orders/Change Orders 151-175/171_Multiple Issue Reso No. 7-2024/Executed CO (Final Docs)/C9015 CO 171 Multiple Issue Reso No. 7-2024 - signed.pdf,
172,EXECUTED,C9015 CO 172 WABS ATM VMS Extended Warranty - signed.pdf,172_WABS ATM VMS Extended Warranty (Executed),0.27,2024-07-22,/Users/z/Library/CloudStorage/OneDrive-WashingtonStateDepartmentofTransportation/TheBRIDGE - Montlake - Change Management  Documents/050_Change Orders/Change Orders 151-175/172_WABS ATM VMS Extended Warranty (Executed)/Executed CO (Final Docs)/C9015 CO 172 WABS ATM VMS Extended Warranty - signed.pdf,
173,EXECUTED,C9015 CO 173 Elec Signs Anti-Graffiti - signed.pdf,173_Elec Signs Anti-Graffiti Executed),0.27,2024-08-05,/Users/z/Library/CloudStorage/OneDrive-WashingtonStateDepartmentofTransportation/TheBRIDGE - Montlake - Change Management  Documents/050_Change Orders/Change Orders 151-175/173_Elec Signs Anti-Graffiti Executed)/Executed CO (Final Docs)/C9015 CO 173 Elec Signs Anti-Graffiti - signed.pdf,
174,EXECUTED,C9015 CO 174 Transit Canopy Paint - signed.pdf,174_Transit Canopy Paint (Executed),0.27,2024-07-22,/Users/z/Library/CloudStorage/OneDrive-WashingtonStateDepartmentofTransportation/TheBRIDGE - Montlake - Change Management  Documents/050_Change Orders/Change Orders 151-175/174_Transit Canopy Paint (Executed)/Executed CO (Final Docs)/C9015 CO 174 Transit Canopy Paint - signed.pdf,
175,EXECUTED,C9015 CO 175 Topsoil Gradation - signed.pdf,175_Topsoil Gradation (Executed),1.16,2024-08-12,/Users/z/Library/CloudStorage/OneDrive-WashingtonStateDepartmentofTransportation/TheBRIDGE - Montlake - Change Management  Documents/050_Change Orders/Change Orders 151-175/175_Topsoil Gradation (Executed)/Executed CO (Final Docs)/C9015 CO 175 Topsoil Gradation - signed.pdf,
176,EXECUTED,C9015 CO 176 PLB Girder Paint Modification - signed.pdf,176_PLB Girder Paint Modification (Executed),0.25,2024-09-13,/Users/z/Library/CloudStorage/OneDrive-WashingtonStateDepartmentofTransportation/TheBRIDGE - Montlake - Change Management  Documents/050_Change Orders/Change Orders 176-200/176_PLB Girder Paint Modification (Executed)/Executed CO (Final Docs)/C9015 CO 176 PLB Girder Paint Modification - signed.pdf,
177,EXECUTED,C9015 CO 177 City Street Long Term Closures - signed.pdf,177_City Street Long Term Closure (Executed),0.25,2024-10-09,/Users/z/Library/CloudStorage/OneDrive-WashingtonStateDepartmentofTransportation/TheBRIDGE - Montlake - Change Management  Documents/050_Change Orders/Change Orders 176-200/177_City Street Long Term Closure (Executed)/Executed CO (Final Docs)/C9015 CO 177 City Street Long Term Closures - signed.pdf,
178,EXECUTED,C9015 CO 178 Multiple Issue Reso No. 8-2024 - signed.pdf,178_Multiple Issue Reso No. 8-2024,0.20,2024-12-24,/Users/z/Library/CloudStorage/OneDrive-WashingtonStateDepartmentofTransportation/TheBRIDGE - Montlake - Change Management  Documents/050_Change Orders/Change Orders 176-200/178_Multiple Issue Reso No. 8-2024/Executed CO (Final Docs)/C9015 CO 178 Multiple Issue Reso No. 8-2024 - signed.pdf,
179,EXECUTED,C9015 CO 179 Transit Canopy Paint Spec - signed.pdf,179_Transit Canopy Paint Spec (Executed),0.27,2024-10-17,/Users/z/Library/CloudStorage/OneDrive-WashingtonStateDepartmentofTransportation/TheBRIDGE - Montlake - Change Management  Documents/050_Change Orders/Change Orders 176-200/179_Transit Canopy Paint Spec (Executed)/Executed CO (Final Docs)/C9015 CO 179 Transit Canopy Paint Spec - signed.pdf,
180,EXECUTED,C9015 CO 180 Multiple Issue Reso No. 9-2024 - signed.pdf,180_Multiple Issue Reso No. 9-2024,1.16,2025-04-15,/Users/z/Library/CloudStorage/OneDrive-WashingtonStateDepartmentofTransportation/TheBRIDGE - Montlake - Change Management  Documents/050_Change Orders/Change Orders 176-200/180_Multiple Issue Reso No. 9-2024/Executed CO (Final Docs)/C9015 CO 180 Multiple Issue Reso No. 9-2024 - signed.pdf,
181,EXECUTED,C9015 CO181 POTUS Motorcade - signed.pdf,181_POTUS Motorcade,0.22,2024-11-19,/Users/z/Library/CloudStorage/OneDrive-WashingtonStateDepartmentofTransportation/TheBRIDGE - Montlake - Change Management  Documents/050_Change Orders/Change Orders 176-200/181_POTUS Motorcade/Executed CO (Final Docs)/C9015 CO181 POTUS Motorcade - signed.pdf,
182,EXECUTED,C9015 CO 182 Sign Bridge 4 Modifications - signed.pdf,182_Sign Bridge No. 4 Modifications,1.77,2025-02-21,/Users/z/Library/CloudStorage/OneDrive-WashingtonStateDepartmentofTransportation/TheBRIDGE - Montlake - Change Management  Documents/050_Change Orders/Change Orders 176-200/182_Sign Bridge No. 4 Modifications/Executed CO (Final Docs)/C9015 CO 182 Sign Bridge 4 Modifications - signed.pdf,
183,EXECUTED,C9015 CO 183 VP Candidate Motorcade - signed.pdf,183_VP Candidate Motorcade,0.20,2025-02-10,/Users/z/Library/CloudStorage/OneDrive-WashingtonStateDepartmentofTransportation/TheBRIDGE - Montlake - Change Management  Documents/050_Change Orders/Change Orders 176-200/183_VP Candidate Motorcade/Executed CO (Final Docs)/C9015 CO 183 VP Candidate Motorcade - signed.pdf,
184,EXECUTED,C9015 CO 184 SRP Design Modifications - signed.pdf,184_SRP Design Modifications,0.29,2025-03-11,/Users/z/Library/CloudStorage/OneDrive-WashingtonStateDepartmentofTransportation/TheBRIDGE - Montlake - Change Management  Documents/050_Change Orders/Change Orders 176-200/184_SRP Design Modifications/Executed CO (Final Docs)/C9015 CO 184 SRP Design Modifications - signed.pdf,
185,EXECUTED,C9015 CO 185 Multiple Issue Reso No. 10-2025 - signed.pdf,185_Multiple Issue Reso No. 10-2025,0.50,2025-05-08,/Users/z/Library/CloudStorage/OneDrive-WashingtonStateDepartmentofTransportation/TheBRIDGE - Montlake - Change Management  Documents/050_Change Orders/Change Orders 176-200/185_Multiple Issue Reso No. 10-2025/Executed CO (Final Docs)/C9015 CO 185 Multiple Issue Reso No. 10-2025 - signed.pdf,
186,EXECUTED,C9015 CO 186 Multiple Issue Reso No. 11-2025 - signed.pdf,186_Multiple Issue Reso No. 11-2025,0.50,2025-05-08,/Users/z/Library/CloudStorage/OneDrive-WashingtonStateDepartmentofTransportation/TheBRIDGE - Montlake - Change Management  Documents/050_Change Orders/Change Orders 176-200/186_Multiple Issue Reso No. 11-2025/Executed CO (Final Docs)/C9015 CO 186 Multiple Issue Reso No. 11-2025 - signed.pdf,
187,FOLDER EXISTS - NO EXECUTED PDF,,187_SRP Over Ex. Swr. Mod - Const,0.00,,/Users/z/Library/CloudStorage/OneDrive-WashingtonStateDepartmentofTransportation/TheBRIDGE - Montlake - Change Management  Documents/050_Change Orders/Change Orders 176-200/187_SRP Over Ex. Swr. Mod - Const,Folder exists but no signed/executed PDF found
188,FOLDER EXISTS - NO EXECUTED PDF,,188_Multiple Issue Reso No. 12-2025,0.00,,/Users/z/Library/CloudStorage/OneDrive-WashingtonStateDepartmentofTransportation/TheBRIDGE - Montlake - Change Management  Documents/050_Change Orders/Change Orders 176-200/188_Multiple Issue Reso No. 12-2025,Folder exists but no signed/executed PDF found
189,EXECUTED,C9015 CO 189 Physical Completion Added CD - signed.pdf,189_Physical Completion Added CD,0.47,2025-10-10,/Users/z/Library/CloudStorage/OneDrive-WashingtonStateDepartmentofTransportation/TheBRIDGE - Montlake - Change Management  Documents/050_Change Orders/Change Orders 176-200/189_Physical Completion Added CD/Executed CO (Final Docs)/C9015 CO 189 Physical Completion Added CD - signed.pdf,
